{"cameraMode":{"drawMode":2,"name":"Shaded Wireframe","section":"Shading Mode"},"sceneLighting":true,"audioPlay":false,"sceneViewState":{"showFog":true,"showMaterialUpdate":false,"showSkybox":true,"showFlares":true,"showImageEffects":true,"showParticleSystems":true},"in2DMode":false,"pivot":{"x":11.217194557189942,"y":25.87212371826172,"z":8.402228355407715},"rotation":{"x":-0.30926796793937685,"y":0.6350122094154358,"z":-0.3081793487071991,"w":-0.6373208165168762},"size":12.905186653137207,"orthographic":false}